CREATE TABLE cars (
car_id INT PRIMARY KEY,
make VARCHAR(50),
type VARCHAR(50),
style VARCHAR(50),
cost_$ INT
);
--------------------
INSERT INTO cars (car_id, make, type, style, cost_$)
VALUES (1, 'Honda', 'Civic', 'Sedan', 30000),
(2, 'Toyota', 'Corolla', 'Hatchback', 25000),
(3, 'Ford', 'Explorer', 'SUV', 40000),
(4, 'Chevrolet', 'Camaro', 'Coupe', 36000),
(5, 'BMW', 'X5', 'SUV', 55000),
(6, 'Audi', 'A4', 'Sedan', 48000),
(7, 'Mercedes', 'C-Class', 'Coupe', 60000),
(8, 'Nissan', 'Altima', 'Sedan', 26000);

Select * from cars
--------------------
CREATE TABLE salespersons (
salesman_id INT PRIMARY KEY,
name VARCHAR(50),
age INT,
city VARCHAR(50)
);
--------------------
INSERT INTO salespersons (salesman_id, name, age, city)
VALUES (1, 'John Smith', 28, 'New York'),
(2, 'Emily Wong', 35, 'San Fran'),
(3, 'Tom Lee', 42, 'Seattle'),
(4, 'Lucy Chen', 31, 'LA');

Select * from salespersons
--------------------
CREATE TABLE sales (
sale_id INT PRIMARY KEY,
car_id INT,
salesman_id INT,
purchase_date DATE,
FOREIGN KEY (car_id) REFERENCES cars(car_id),
FOREIGN KEY (salesman_id) REFERENCES salespersons(salesman_id)
);
--------------------
INSERT INTO sales (sale_id, car_id, salesman_id, purchase_date)
VALUES (1, 1, 1, '2021-01-01'),
(2, 3, 3, '2021-02-03'),
(3, 2, 2, '2021-02-10'),
(4, 5, 4, '2021-03-01'),
(5, 8, 1, '2021-04-02'),
(6, 2, 1, '2021-05-05'),
(7, 4, 2, '2021-06-07'),
(8, 5, 3, '2021-07-09'),
(9, 2, 4, '2022-01-01'),
(10, 1, 3, '2022-02-03'),
(11, 8, 2, '2022-02-10'),
(12, 7, 2, '2022-03-01'),
(13, 5, 3, '2022-04-02'),
(14, 3, 1, '2022-05-05'),
(15, 5, 4, '2022-06-07'),
(16, 1, 2, '2022-07-09'),
(17, 2, 3, '2023-01-01'),
(18, 6, 3, '2023-02-03'),
(19, 7, 1, '2023-02-10'),
(20, 4, 4, '2023-03-01');

Select * from sales

--What are the details of all cars purchased in the year 2022?
Select cars.car_id,cars.make,cars.type,cars.cost_$,sales.sale_id,sales.purchase_date from cars cars JOIN sales sales
On cars.car_id=sales.car_id
where year(purchase_date)=2022
order by cars.car_id;

--What is the total number of cars sold by each salesperson?

Select sp.name,sp.salesman_id,count(sales.car_id)as total_number_of_cars_sold
from sales sales join salespersons sp on sales.salesman_id=sp.salesman_id
group by sp.name,sp.salesman_id;


--What is the total revenue generated by each salesperson?

Select sales.salesman_id, Sum(cars.cost_$)as total_revenue
From cars cars
JOIN sales sales
on cars.car_id=sales.car_id
group by sales.salesman_id

--What are the details of the cars sold by each salesperson?
SELECT sales.salesman_id,Cars.car_id,cars.make,cars.type,cars.style,cars.cost_$
from cars cars join sales sales
ON cars.car_id=sales.car_id
Group BY sales.salesman_id,cars.car_id,cars.make,cars.type,cars.style,cars.cost_$


--What is the total revenue generated by each car type?
Select car_id,type,Sum(cost_$)as Total_Revenue
from cars
group by car_id,type;

--What are the details of the cars sold in the year 2021 by salesperson 'Emily Wong'?
Select sales.car_id,sales.sale_id,sp.salesman_id,sales.purchase_date
from sales Join salespersons sp
on sales.salesman_id=sp.salesman_id
where year(sales.purchase_date)= 2021 AND sp.name='Emily Wong';

--What is the total revenue generated by the sales of hatchback cars?
Select Sum(cars.cost_$)AS Total_Revenue_of_hatchback_cars
from cars cars join sales sales
on cars.car_id=sales.car_id
where cars.style='hatchback'

--What is the total revenue generated by the sales of SUV cars in the year 2022?
Select Sum(cars.cost_$)As Total_Revenue_of_SUVs_2022
FROM cars cars join sales sales
on cars.car_id=sales.car_id 
where cars.style='SUV' AND year(sales.purchase_date)=2022;

--What is the name and city of the salesperson who sold the most number of cars in the year 2023?

Select TOP(1)sp.salesman_id,sp.name,sp.city,count(sales.car_id)as max_cars_sold
from sales sales
join salespersons sp
on sales.salesman_id=sp.salesman_id
where year(purchase_date)=2023
group by sp.name,sp.city,sp.salesman_id
order by max_cars_sold DESC


-- What is the name and age of the salesperson who generated the highest revenue in the year 2022?
Select TOP(1)sp.name,sp.age,sp.salesman_id,MAX(cars.cost_$) as highest_salary
from salespersons sp
join sales sales
on sp.salesman_id=sales.salesman_id
join cars cars 
on cars.car_id=sales.car_id
where year(sales.purchase_date)= 2022
Group by sp.name,sp.age,sp.salesman_id
ORDER BY highest_salary DESC
